{
  "version": 1,
  "hardware_key": "cuda|cpu=160|gpu=NVIDIA H200|vram=139.7|count=1|ram=234",
  "records": [
    {
      "timestamp": "2026-07-16T20:30:20Z",
      "fingerprint": {
        "device": "cuda",
        "gpu_name": "NVIDIA H200",
        "vram_gb": 139.7,
        "gpu_count": 1,
        "ncpu": 160,
        "ram_gb": 234
      },
      "params": {
        "simulations": 50,
        "max_plies": 12,
        "games": 3072,
        "checkpoint": "azloop_20260714-001956_g140_s500_best"
      },
      "rows": [
        {
          "workers": 128,
          "batch": 256,
          "concurrency": 4,
          "servers": 1,
          "fp16": false,
          "batch_timeout_ms": 0.0,
          "evals_per_s": 4230.401216044644,
          "positions_per_s": 144.60013503003256,
          "games_per_s": 12.050011252502712,
          "avg_batch": 228.44482101249736,
          "fill_pct": 68.5871637364965,
          "request_wait_ms": 113.97217981265494,
          "gpu_busy_pct": 17.630324766000385
        },
        {
          "workers": 128,
          "batch": 512,
          "concurrency": 8,
          "servers": 1,
          "fp16": false,
          "batch_timeout_ms": 0.0,
          "evals_per_s": 4700.648355214687,
          "positions_per_s": 161.41203847649558,
          "games_per_s": 13.451003206374633,
          "avg_batch": 310.0072191741265,
          "fill_pct": 20.531331215708924,
          "request_wait_ms": 203.1388963854588,
          "gpu_busy_pct": 20.629946469715044
        },
        {
          "workers": 128,
          "batch": 1024,
          "concurrency": 16,
          "servers": 1,
          "fp16": false,
          "batch_timeout_ms": 0.0,
          "evals_per_s": 4129.555964853317,
          "positions_per_s": 141.1457957100987,
          "games_per_s": 11.762149642508225,
          "avg_batch": 325.94258084013296,
          "fill_pct": 0.24176488365064974,
          "request_wait_ms": 392.3447149858583,
          "gpu_busy_pct": 20.829048498078457
        },
        {
          "workers": 128,
          "batch": 512,
          "concurrency": 16,
          "servers": 1,
          "fp16": false,
          "batch_timeout_ms": 0.0,
          "evals_per_s": 4076.8070479859225,
          "positions_per_s": 139.95535117202917,
          "games_per_s": 11.662945931002431,
          "avg_batch": 301.29741863075196,
          "fill_pct": 12.289562289562289,
          "request_wait_ms": 398.00270995348615,
          "gpu_busy_pct": 19.03137813982693
        },
        {
          "workers": 128,
          "batch": 512,
          "concurrency": 24,
          "servers": 1,
          "fp16": false,
          "batch_timeout_ms": 0.0,
          "evals_per_s": 3979.128145822573,
          "positions_per_s": 136.2637646124008,
          "games_per_s": 11.355313717700065,
          "avg_batch": 264.8191881918819,
          "fill_pct": 10.18450184501845,
          "request_wait_ms": 716.1557130862184,
          "gpu_busy_pct": 19.582230075758766
        },
        {
          "workers": 128,
          "batch": 256,
          "concurrency": 4,
          "servers": 1,
          "fp16": true,
          "batch_timeout_ms": 0.0,
          "evals_per_s": 3628.8819687088326,
          "positions_per_s": 124.00764290135702,
          "games_per_s": 10.33397024177975,
          "avg_batch": 231.99247311827958,
          "fill_pct": 75.01075268817205,
          "request_wait_ms": 133.41878231970588,
          "gpu_busy_pct": 18.063902673592636
        },
        {
          "workers": 128,
          "batch": 512,
          "concurrency": 8,
          "servers": 1,
          "fp16": true,
          "batch_timeout_ms": 0.0,
          "evals_per_s": 4071.8817372492977,
          "positions_per_s": 139.62100871267944,
          "games_per_s": 11.635084059389953,
          "avg_batch": 355.7561217736598,
          "fill_pct": 19.523494374586367,
          "request_wait_ms": 235.27653039939088,
          "gpu_busy_pct": 19.868303449547074
        },
        {
          "workers": 128,
          "batch": 1024,
          "concurrency": 16,
          "servers": 1,
          "fp16": true,
          "batch_timeout_ms": 0.0,
          "evals_per_s": 4151.564516609981,
          "positions_per_s": 142.10264927033776,
          "games_per_s": 11.841887439194814,
          "avg_batch": 365.32937584803256,
          "fill_pct": 0.47489823609226595,
          "request_wait_ms": 394.9589645772104,
          "gpu_busy_pct": 23.42788101856414
        },
        {
          "workers": 128,
          "batch": 512,
          "concurrency": 16,
          "servers": 1,
          "fp16": true,
          "batch_timeout_ms": 0.0,
          "evals_per_s": 4347.744198232664,
          "positions_per_s": 149.02629062816325,
          "games_per_s": 12.418857552346937,
          "avg_batch": 317.6264028352038,
          "fill_pct": 19.078558771411696,
          "request_wait_ms": 368.14088577172333,
          "gpu_busy_pct": 20.606360904295766
        },
        {
          "workers": 128,
          "batch": 512,
          "concurrency": 24,
          "servers": 1,
          "fp16": true,
          "batch_timeout_ms": 0.0,
          "evals_per_s": 4173.220033716441,
          "positions_per_s": 142.85794984879806,
          "games_per_s": 11.904829154066505,
          "avg_batch": 291.3649891774892,
          "fill_pct": 18.695887445887447,
          "request_wait_ms": 682.5491316928316,
          "gpu_busy_pct": 20.580890732022045
        },
        {
          "workers": 128,
          "batch": 256,
          "concurrency": 4,
          "servers": 2,
          "fp16": false,
          "batch_timeout_ms": 0.0,
          "evals_per_s": 4296.212509118307,
          "positions_per_s": 147.17839297685137,
          "games_per_s": 12.264866081404282,
          "avg_batch": 111.98657508585701,
          "fill_pct": 0.0,
          "request_wait_ms": 109.57192779900971,
          "gpu_busy_pct": 25.615840882913826
        },
        {
          "workers": 128,
          "batch": 512,
          "concurrency": 8,
          "servers": 2,
          "fp16": false,
          "batch_timeout_ms": 0.0,
          "evals_per_s": 4504.28177961666,
          "positions_per_s": 154.25404714391883,
          "games_per_s": 12.854503928659902,
          "avg_batch": 122.00430692508218,
          "fill_pct": 0.0,
          "request_wait_ms": 212.34973179321244,
          "gpu_busy_pct": 29.299338618665267
        },
        {
          "workers": 128,
          "batch": 1024,
          "concurrency": 16,
          "servers": 2,
          "fp16": false,
          "batch_timeout_ms": 0.0,
          "evals_per_s": 4184.3664259940515,
          "positions_per_s": 142.96483810046092,
          "games_per_s": 11.913736508371743,
          "avg_batch": 126.00186850402896,
          "fill_pct": 0.0,
          "request_wait_ms": 386.11699100370345,
          "gpu_busy_pct": 32.29530535626696
        },
        {
          "workers": 128,
          "batch": 512,
          "concurrency": 16,
          "servers": 2,
          "fp16": false,
          "batch_timeout_ms": 0.0,
          "evals_per_s": 4194.801661635109,
          "positions_per_s": 143.73848528476958,
          "games_per_s": 11.978207107064131,
          "avg_batch": 122.83889015757022,
          "fill_pct": 2.614752226535739,
          "request_wait_ms": 385.8852685367841,
          "gpu_busy_pct": 30.29052626863517
        },
        {
          "workers": 128,
          "batch": 512,
          "concurrency": 24,
          "servers": 2,
          "fp16": false,
          "batch_timeout_ms": 0.0,
          "evals_per_s": 4271.310075081344,
          "positions_per_s": 146.29089779714684,
          "games_per_s": 12.190908149762237,
          "avg_batch": 113.45335722567724,
          "fill_pct": 2.7722146094655846,
          "request_wait_ms": 660.8365759910321,