{
  "version": 1,
  "hardware_key": "cuda|cpu=384|gpu=NVIDIA GeForce RTX 5090|vram=31.4|count=1|ram=100",
  "records": [
    {
      "timestamp": "2026-07-17T21:10:26Z",
      "fingerprint": {
        "device": "cuda",
        "gpu_name": "NVIDIA GeForce RTX 5090",
        "vram_gb": 31.4,
        "gpu_count": 1,
        "ncpu": 384,
        "ram_gb": 100
      },
      "params": {
        "simulations": 50,
        "max_plies": 12,
        "games": 6840,
        "checkpoint": "aaron_draw_penalty_000_best"
      },
      "rows": [
        {
          "workers": 380,
          "batch": 512,
          "concurrency": 3,
          "servers": 1,
          "fp16": false,
          "compile": false,
          "batch_timeout_ms": 0.0,
          "evals_per_s": 9438.229469875798,
          "positions_per_s": 277.70952247010393,
          "games_per_s": 23.142460205841996,
          "avg_batch": 413.20826544215674,
          "fill_pct": 33.446896756036146,
          "request_wait_ms": 115.6267433908796,
          "gpu_busy_pct": 15.800607979775592
        },
        {
          "workers": 380,
          "batch": 1024,
          "concurrency": 6,
          "servers": 1,
          "fp16": false,
          "compile": false,
          "batch_timeout_ms": 0.0,
          "evals_per_s": 11919.078832458134,
          "positions_per_s": 351.2854342093094,
          "games_per_s": 29.27378618410912,
          "avg_batch": 722.0549649987037,
          "fill_pct": 19.39331086336531,
          "request_wait_ms": 181.7035231653149,
          "gpu_busy_pct": 15.247459078224047
        },
        {
          "workers": 380,
          "batch": 2048,
          "concurrency": 11,
          "servers": 1,
          "fp16": false,
          "compile": false,
          "batch_timeout_ms": 0.0,
          "evals_per_s": 15505.436995356118,
          "positions_per_s": 456.41449804221645,
          "games_per_s": 38.034541503518035,
          "avg_batch": 1435.1230056613485,
          "fill_pct": 30.262480699948533,
          "request_wait_ms": 215.90341678304867,
          "gpu_busy_pct": 20.18042898135547
        },
        {
          "workers": 380,
          "batch": 1024,
          "concurrency": 12,
          "servers": 1,
          "fp16": false,
          "compile": false,
          "batch_timeout_ms": 0.0,
          "evals_per_s": 11488.519318897355,
          "positions_per_s": 337.8953265407818,
          "games_per_s": 28.157943878398484,
          "avg_batch": 778.0147755784778,
          "fill_pct": 26.48452746027321,
          "request_wait_ms": 316.69250722505126,
          "gpu_busy_pct": 14.575677829440876
        },
        {
          "workers": 380,
          "batch": 1024,
          "concurrency": 18,
          "servers": 1,
          "fp16": false,
          "compile": false,
          "batch_timeout_ms": 0.0,
          "evals_per_s": 11421.522530060296,
          "positions_per_s": 336.4224749228899,
          "games_per_s": 28.03520624357416,
          "avg_batch": 836.066906690669,
          "fill_pct": 35.31353135313531,
          "request_wait_ms": 565.8241379791255,
          "gpu_busy_pct": 13.759053748216258
        },
        {
          "workers": 380,
          "batch": 512,
          "concurrency": 3,
          "servers": 2,
          "fp16": false,
          "compile": false,
          "batch_timeout_ms": 0.0,
          "evals_per_s": 18685.939254749705,
          "positions_per_s": 550.1200654479932,
          "games_per_s": 45.84333878733277,
          "avg_batch": 267.35836210203297,
          "fill_pct": 0.09589566551591867,
          "request_wait_ms": 57.38486510217903,
          "gpu_busy_pct": 21.77262615644515
        },
        {
          "workers": 380,
          "batch": 1024,
          "concurrency": 6,
          "servers": 2,
          "fp16": false,
          "compile": false,
          "batch_timeout_ms": 0.0,
          "evals_per_s": 22493.092734202368,
          "positions_per_s": 663.2568163392523,
          "games_per_s": 55.271401361604354,
          "avg_batch": 457.52580539119003,
          "fill_pct": 0.0,
          "request_wait_ms": 94.71730959348113,
          "gpu_busy_pct": 20.991213560119203
        },
        {
          "workers": 380,
          "batch": 2048,
          "concurrency": 11,
          "servers": 2,
          "fp16": false,
          "compile": false,
          "batch_timeout_ms": 0.0,
          "evals_per_s": 23106.856810328783,
          "positions_per_s": 681.6424473979192,
          "games_per_s": 56.80353728315993,
          "avg_batch": 589.3694132599026,
          "fill_pct": 0.0,
          "request_wait_ms": 145.2905276336315,
          "gpu_busy_pct": 21.694355529749
        },
        {
          "workers": 380,
          "batch": 1024,
          "concurrency": 12,
          "servers": 2,
          "fp16": false,
          "compile": false,
          "batch_timeout_ms": 0.0,
          "evals_per_s": 23068.942751181534,
          "positions_per_s": 678.197944744466,
          "games_per_s": 56.51649539537217,
          "avg_batch": 585.684078036501,
          "fill_pct": 14.09691629955947,
          "request_wait_ms": 153.40489252529775,
          "gpu_busy_pct": 21.514500290434544
        },
        {
          "workers": 380,
          "batch": 1024,
          "concurrency": 18,
          "servers": 2,
          "fp16": false,
          "compile": false,
          "batch_timeout_ms": 0.0,
          "evals_per_s": 24179.95220879528,
          "positions_per_s": 711.2650333443295,
          "games_per_s": 59.27208611202745,
          "avg_batch": 672.7017839922854,
          "fill_pct": 26.084860173577628,
          "request_wait_ms": 263.6313143722759,
          "gpu_busy_pct": 21.695249154437757
        },
        {
          "workers": 380,
          "batch": 512,
          "concurrency": 3,
          "servers": 4,
          "fp16": false,
          "compile": false,
          "batch_timeout_ms": 0.0,
          "evals_per_s": 22614.335071593014,
          "positions_per_s": 666.1080274815275,
          "games_per_s": 55.5090022901273,
          "avg_batch": 133.3626226369945,
          "fill_pct": 0.0,
          "request_wait_ms": 46.52511460389891,
          "gpu_busy_pct": 30.32963559711805
        },
        {
          "workers": 380,
          "batch": 1024,
          "concurrency": 6,
          "servers": 4,
          "fp16": false,
          "compile": false,
          "batch_timeout_ms": 0.0,
          "evals_per_s": 22722.334935039915,
          "positions_per_s": 669.1628658028687,
          "games_per_s": 55.763572150239064,
          "avg_batch": 219.5461205198897,
          "fill_pct": 0.0,
          "request_wait_ms": 93.94747212560512,
          "gpu_busy_pct": 28.253383582077202
        },
        {
          "workers": 380,
          "batch": 2048,
          "concurrency": 11,
          "servers": 4,
          "fp16": false,
          "compile": false,
          "batch_timeout_ms": 0.0,
          "evals_per_s": 23130.937789142055,
          "positions_per_s": 680.786173678285,
          "games_per_s": 56.73218113985708,
          "avg_batch": 256.2072576940744,
          "fill_pct": 0.0,
          "request_wait_ms": 145.85028702264148,
          "gpu_busy_pct": 30.166274596989012
        },
        {
          "workers": 380,
          "batch": 1024,
          "concurrency": 12,
          "servers": 4,
          "fp16": false,
          "compile": false,
          "batch_timeout_ms": 0.0,
          "evals_per_s": 23023.14054528699,
          "positions_per_s": 678.688182716979,
          "games_per_s": 56.55734855974825,
          "avg_batch": 258.1733889661567,
          "fill_pct": 0.04636068613815485,
          "request_wait_ms": 155.4312488178049,
          "gpu_busy_pct": 30.232099368597343
        },
        {
          "workers": 380,
          "batch": 1024,
          "concurrency": 18,
          "servers": 4,
          "fp16": false,
          "compile": false,